topic,forecast_score,frequency,year_coverage,years
To provide a broad survey of different machine-learning approaches and,1.0,1,1,2025
To understand the principles and concepts of machine learning,1.0,1,1,2025
To learn regression and classification models,1.0,1,1,2025
To learn different clustering models,1.0,1,1,2025
To understand artificial neural networks (ANN) and Convolutional neural,1.0,1,1,2025
Machine Learning Tools,1.0,1,1,2025
TMH Publication (Link),1.0,1,1,2025
“Probabilistic Machine Learning”,1.0,1,1,2025
“Introduction to Machine Learning”,1.0,1,1,2025
“Fundamentals of Neural Networks,1.0,1,1,2025
